<?xml version="1.0" encoding="UTF-8"?>
<!-- Sun xVM VirtualBox Machine Configuration -->
<VirtualBox xmlns="http://www.innotek.de/VirtualBox-settings" version="1.3-macosx">
  <Machine uuid="{f86641e1-eff9-41b5-ab41-121173311cf4}" name="dsl-4.4.10-x86" OSType="linux24" lastStateChange="2008-12-18T11:54:39Z" currentStateModified="false">
    <ExtraData>
      <ExtraDataItem name="GUI/SaveMountedAtRuntime" value="yes"/>
      <ExtraDataItem name="GUI/LastCloseAction" value="powerOff"/>
      <ExtraDataItem name="GUI/LastWindowPostion" value="199,44,720,423"/>
      <ExtraDataItem name="GUI/Fullscreen" value="off"/>
      <ExtraDataItem name="GUI/Seamless" value="off"/>
      <ExtraDataItem name="GUI/AutoresizeGuest" value="on"/>
    </ExtraData>
    <Hardware>
      <CPU>
        <HardwareVirtEx enabled="false"/>
        <HardwareVirtExNestedPaging enabled="false"/>
        <PAE enabled="false"/>
      </CPU>
      <Memory RAMSize="128"/>
      <Boot>
        <Order position="1" device="Floppy"/>
        <Order position="2" device="DVD"/>
        <Order position="3" device="HardDisk"/>
      </Boot>
      <Display VRAMSize="8" MonitorCount="1"/>
      <RemoteDisplay enabled="false" port="3389" authType="Null"/>
      <BIOS>
        <ACPI enabled="true"/>
        <IOAPIC enabled="false"/>
        <Logo fadeIn="true" fadeOut="true" displayTime="0"/>
        <BootMenu mode="MessageAndMenu"/>
        <TimeOffset value="0"/>
        <PXEDebug enabled="false"/>
        <IDEController type="PIIX4"/>
      </BIOS>
      <DVDDrive passthrough="false"/>
      <FloppyDrive enabled="true"/>
      <USBController enabled="false" enabledEhci="false"/>
      <SATAController enabled="false" PortCount="1" IDE0MasterEmulationPort="0" IDE0SlaveEmulationPort="1" IDE1MasterEmulationPort="2" IDE1SlaveEmulationPort="3"/>
      <Network>
        <Adapter slot="0" enabled="true" MACAddress="080027AAE1C4" cable="true" speed="0" type="Am79C973">
          <NAT/>
        </Adapter>
        <Adapter slot="1" enabled="false" MACAddress="080027D50F73" cable="true" speed="0" type="Am79C973"/>
        <Adapter slot="2" enabled="false" MACAddress="080027F14BFD" cable="true" speed="0" type="Am79C973"/>
        <Adapter slot="3" enabled="false" MACAddress="0800275BEC5E" cable="true" speed="0" type="Am79C973"/>
      </Network>
      <UART>
        <Port slot="0" enabled="false" IOBase="0x3f8" IRQ="4" hostMode="Disconnected"/>
        <Port slot="1" enabled="false" IOBase="0x3f8" IRQ="4" hostMode="Disconnected"/>
      </UART>
      <LPT>
        <Port slot="0" enabled="false" IOBase="0x378" IRQ="4"/>
        <Port slot="1" enabled="false" IOBase="0x378" IRQ="4"/>
      </LPT>
      <AudioAdapter controller="AC97" driver="Null" enabled="false"/>
      <SharedFolders/>
      <Clipboard mode="Bidirectional"/>
      <Guest memoryBalloonSize="0" statisticsUpdateInterval="0"/>
      <GuestProperties>
        <GuestProperty name="/VirtualBox/HostInfo/GUI/LanguageID" value="it_IT" timestamp="1229601282475614000" flags=""/>
      </GuestProperties>
    </Hardware>
    <HardDiskAttachments>
      <HardDiskAttachment hardDisk="{7008a728-dfdd-4738-9a65-0aaff05341e2}" bus="IDE" channel="0" device="0"/>
    </HardDiskAttachments>
  </Machine>
</VirtualBox>
